{
	"explore": {
		"h2": "Explore Zero-Turn Mowers",
		"blocks": [
			{
				"img": "https://staging-na01-mtd.demandware.net/on/demandware.static/-/Sites-cubcadet-Library/default/v9e835077e52279a69a54b4c30b00cf9f3c2d0358/ultima/product-ZT.jpg?version=1,639,577,706,000",
				"title": "Ultima ZT",
				"copy": "The award-winning Ultima Series™ features enhanced strength and durability, redefined comfort and uncompromised performance.",
				"engFor": [
					{
						"icon": "https://staging-na01-mtd.demandware.net/on/demandware.static/-/Sites-cubcadet-Library/default/v9e835077e52279a69a54b4c30b00cf9f3c2d0358/ultima/icon-area-5.png",
						"copy": "Up to 5 acres"
					},
					{
						"icon": "https://staging-na01-mtd.demandware.net/on/demandware.static/-/Sites-cubcadet-Library/default/vecc23e1f14788ec513ab6069e28803b4ad390a90/ultima/icon-speed.png",
						"copy": "Up to 7.5 mph​"
					},
					{
						"icon": "https://staging-na01-mtd.demandware.net/on/demandware.static/-/Sites-cubcadet-Library/default/vecc23e1f14788ec513ab6069e28803b4ad390a90/ultima/icon-slope-10.png",
						"copy": "Up to 15 degree slopes​"
					}
				],
				"button": {
					"url": "https://www.cubcadet.com/en_US/riding-lawn-mowers/zero-turn-mowers?prefn1=series&prefv1=Ultima%20Series%E2%84%A2%20ZT",
					"copy": "Shop Now",
					"className": "text-white border-0",
					"style": { "backgroundColor": "#000" }
				}
			},
			{
				"img": "https://staging-na01-mtd.demandware.net/on/demandware.static/-/Sites-cubcadet-Library/default/v9e835077e52279a69a54b4c30b00cf9f3c2d0358/ultima/product-ZT-el.jpg",
				"title": "Ultima Electric ZT",
				"copy": "The Ultima Series(TM) ZT1 42E is equipped with the latest lithium-ion battery technology for a quiet operation, run time up to 1.5 hours of run time and limited power fade.",
				"engFor": [
					{
						"icon": "https://staging-na01-mtd.demandware.net/on/demandware.static/-/Sites-cubcadet-Library/default/vecc23e1f14788ec513ab6069e28803b4ad390a90/ultima/icon-battery.png",
						"copy": "Electric​"
					},
					{
						"icon": "https://staging-na01-mtd.demandware.net/on/demandware.static/-/Sites-cubcadet-Library/default/v9e835077e52279a69a54b4c30b00cf9f3c2d0358/ultima/icon-area-2.png",
						"copy": "Up to 2 acres on a single charge​"
					},
					{
						"icon": "https://staging-na01-mtd.demandware.net/on/demandware.static/-/Sites-cubcadet-Library/default/vecc23e1f14788ec513ab6069e28803b4ad390a90/ultima/icon-speed.png",
						"copy": "Up to 7.0 mph​​​"
					},
					{
						"icon": "https://staging-na01-mtd.demandware.net/on/demandware.static/-/Sites-cubcadet-Library/default/vecc23e1f14788ec513ab6069e28803b4ad390a90/ultima/icon-slope-10.png",
						"copy": "Up to 15 degree slopes​​"
					}
				],
				"button": {
					"url": "https://www.cubcadet.com/en_US/electric-lawn-mowers/zt1-42e/34BBA2CS710.html",
					"copy": "Shop Now",
					"className": "text-white border-0",
					"style": { "backgroundColor": "#000" }
				}
			},
			{
				"img": "https://staging-na01-mtd.demandware.net/on/demandware.static/-/Sites-cubcadet-Library/default/v9e835077e52279a69a54b4c30b00cf9f3c2d0358/ultima/product-ZTS.jpg",
				"title": "Ultima ZTS",
				"copy": "Equipped with Cub Cadet® Synchro-Steer™ Technology, the Ultima ZTS line delivers precision, control and stability on hills up to 20 degrees.",
				"engFor": [
					{
						"icon": "https://staging-na01-mtd.demandware.net/on/demandware.static/-/Sites-cubcadet-Library/default/vecc23e1f14788ec513ab6069e28803b4ad390a90/ultima/icon-steer.png",
						"copy": "Synchro Steer® Technology​"
					},
					{
						"icon": "https://staging-na01-mtd.demandware.net/on/demandware.static/-/Sites-cubcadet-Library/default/v9e835077e52279a69a54b4c30b00cf9f3c2d0358/ultima/icon-area-5.png",
						"copy": "Up to 5 acres​"
					},
					{
						"icon": "https://staging-na01-mtd.demandware.net/on/demandware.static/-/Sites-cubcadet-Library/default/vecc23e1f14788ec513ab6069e28803b4ad390a90/ultima/icon-speed.png",
						"copy": "Up to 7.5 mph​"
					},
					{
						"icon": "https://staging-na01-mtd.demandware.net/on/demandware.static/-/Sites-cubcadet-Library/default/vecc23e1f14788ec513ab6069e28803b4ad390a90/ultima/icon-slope-15.png",
						"copy": "Up to 20 degree slopes​"
					}
				],
				"button": {
					"url": "https://www.cubcadet.com/en_US/riding-lawn-mowers/zero-turn-mowers?prefn1=series&prefv1=Ultima%20Series%E2%84%A2%20ZTS",
					"copy": "Shop Now",
					"className": "text-white border-0",
					"style": { "backgroundColor": "#000" }
				}
			},

			{
				"img": "https://staging-na01-mtd.demandware.net/on/demandware.static/-/Sites-cubcadet-Library/default/v9e835077e52279a69a54b4c30b00cf9f3c2d0358/ultima/product-ZTX.jpg?version=1,639,577,718,000",
				"title": "Ultima ZTX",
				"copy": "The Ultima Series™ ZTX is engineered with commercial-grade features that allow you to tackle tough challenges on your large property. ",
				"engFor": [
					{
						"icon": "https://staging-na01-mtd.demandware.net/on/demandware.static/-/Sites-cubcadet-Library/default/vecc23e1f14788ec513ab6069e28803b4ad390a90/ultima/icon-strength.png",
						"copy": "Commercial grade features​"
					},
					{
						"icon": "https://staging-na01-mtd.demandware.net/on/demandware.static/-/Sites-cubcadet-Library/default/v9e835077e52279a69a54b4c30b00cf9f3c2d0358/ultima/icon-area-12.png",
						"copy": "Up to 12 acres​"
					},
					{
						"icon": "https://staging-na01-mtd.demandware.net/on/demandware.static/-/Sites-cubcadet-Library/default/vecc23e1f14788ec513ab6069e28803b4ad390a90/ultima/icon-speed.png",
						"copy": "Up to 9 mph​​​"
					},
					{
						"icon": "https://staging-na01-mtd.demandware.net/on/demandware.static/-/Sites-cubcadet-Library/default/vecc23e1f14788ec513ab6069e28803b4ad390a90/ultima/icon-slope-10.png",
						"copy": "Up to 15 degree slopes​​"
					}
				],
				"button": {
					"url": "https://www.cubcadet.com/en_US/riding-lawn-mowers/zero-turn-mowers?prefn1=series&prefv1=Ultima%20Series%E2%84%A2%20ZTX",
					"copy": "Shop Now",
					"className": "text-white border-0",
					"style": { "backgroundColor": "#000" }
				}
			},
			{
				"new": true,
				"img": "https://edge.disstg.commercecloud.salesforce.com/dw/image/v2/BCSH_STG/on/demandware.static/-/Sites-mtd-master-catalog/default/dwe14ecb96/products/Equipment/Cub-Cadet_ZTXS448_7.jpg?sw=400&sh=400&sm=fit",
				"title": "Ultima ZTXS",
				"copy": "The Ultima Series™ ZTXS is engineered with commercial-grade features that allow you to tackle tough challenges on your large property. ",
				"engFor": [
					{
						"icon": "https://staging-na01-mtd.demandware.net/on/demandware.static/-/Sites-cubcadet-Library/default/vecc23e1f14788ec513ab6069e28803b4ad390a90/ultima/icon-steer.png",
						"copy": "Synchro Steer® Technology​​"
					},
					{
						"icon": "https://staging-na01-mtd.demandware.net/on/demandware.static/-/Sites-cubcadet-Library/default/v9e835077e52279a69a54b4c30b00cf9f3c2d0358/ultima/icon-area-12.png",
						"copy": "Up to 12 acres​"
					},
					{
						"icon": "https://staging-na01-mtd.demandware.net/on/demandware.static/-/Sites-cubcadet-Library/default/vecc23e1f14788ec513ab6069e28803b4ad390a90/ultima/icon-strength.png",
						"copy": "Commercial grade features​"
					},
					{
						"icon": "https://staging-na01-mtd.demandware.net/on/demandware.static/-/Sites-cubcadet-Library/default/vecc23e1f14788ec513ab6069e28803b4ad390a90/ultima/icon-slope-10.png",
						"copy": "Up to 20 degree slopes​​"
					}
				],
				"button": {
					"url": "https://www.cubcadet.com/en_US/lp/ztxs--zero-turn-mowers",
					"copy": "Shop Now",
					"className": "text-white border-0",
					"style": { "backgroundColor": "#000" }
				}
			}
		],
		"button": {
			"copy": "Learn more about the Ultima series",
			"url": "https://www.cubcadet.com/en_US/ultima-series-features-benefits.html"
		}
	}
}
