{
  "hero": {
    "img": "https://staging-na01-mtd.demandware.net/on/demandware.static/-/Sites-cubcadet-Library/default/v70fc5788285a154928b80b856144e85813f5051f/UltimaLanding/hero.jpg",
    "mobile": "https://staging-na01-mtd.demandware.net/on/demandware.static/-/Sites-cubcadet-Library/default/v70fc5788285a154928b80b856144e85813f5051f/UltimaLanding/hero-mobile.jpg",
    "logo": "",
    "alt": ""
  },

  "copyBlock": {
    "h1": "Step Up To The Ultima Series™",
    "copy": "Step up to the ultimate all-around mowing experience with the Cub Cadet’s award winning Ultima Series™. This line of zero-turn mowers delivers next-level comfort, speed and control at the quality you’ve come to expect."
  },

  "introZTXS": {
    "img": "https://staging-na01-mtd.demandware.net/on/demandware.static/-/Sites-cubcadet-Library/default/v70fc5788285a154928b80b856144e85813f5051f/ZeroTurnLanding/intro.jpg",
    "h2": "Introducing the Ultima Series<sup>™</sup> ZTXS",
    "h3": "The Ultima Series™ Zero-Turn with <br />Commercial-Grade Features",
    "p": "From tight turns to inclined hillsides and stretching valleys, the Ultima ZTXS is built to help tackle your yard’s unique challenges. The Ultima ZTXS brings Cub Cadet’s innovative and proprietary Synchro-Steer<sup>™</sup> technology to the proven Ultima Series<sup>™</sup> platform for reliable precision and confident control.",
    "button": {
      "copy": "Learn more about the Ultima ztxs",
      "url": "https://www.cubcadet.com/en_US/lp/ztxs--zero-turn-mowers"
    }
  },

  "explore": {
    "blocks": [
      {
        "img": "https://staging-na01-mtd.demandware.net/on/demandware.static/-/Sites-cubcadet-Library/default/v70fc5788285a154928b80b856144e85813f5051f/UltimaLanding/47RIAHAC010_ZTX6_60_env01_rt1_HR.jpg",
        "title": "Forged to deliver strength and durability:",
        "copy": "A continuous square 2 in. x 2 in. tubular steel frame corrosion defense coating enhances strength and durability for long lasting use. Optional roll bar increases rider safety."
      },
      {
        "img": "https://staging-na01-mtd.demandware.net/on/demandware.static/-/Sites-cubcadet-Library/default/v70fc5788285a154928b80b856144e85813f5051f/UltimaLanding/17ASGGY5A10_ZTS2_60_Env01_rt1_HR.jpg",
        "title": "Designed to tackle unique terrains:",
        "copy": "Combines commercial-grade features and zero-turn steering wheel with Sychro-Steer(TM) technology designed to provide stability and confidence while mowing large areas with tough hills and varied terrain. Available on select models."
      }
    ]
  },

  "quote": {
    "stars": 5,
    "imgMobile": "https://staging-na01-mtd.demandware.net/on/demandware.static/-/Sites-cubcadet-Library/default/v70fc5788285a154928b80b856144e85813f5051f/ZeroTurnLanding/quote-mobile.jpg",
    "imgDesktop": "https://staging-na01-mtd.demandware.net/on/demandware.static/-/Sites-cubcadet-Library/default/v70fc5788285a154928b80b856144e85813f5051f/ZeroTurnLanding/quote-desktop.jpg",
    "title": "LOOK NO MORE FOR A GREAT MOWER.",
    "copy": "This Cub Cadet mower is a beast. I absolutely love it and all of its features. Honestly, I haven’t found one negative thing to say about it since I’ve bene using it. Needless to say, I love this mower!”",
    "name": "Twwagoner from Lexington, NC",
    "unit": "Ultima ZT1"
  },

  "experience": {
    "h2": "The Ultimate All-Around Mowing Experience",
    "blocks": [
      {
        "line1": "Speed up to",
        "line2": "<h2>9mph</h2>"
      },
      {
        "line1": "Hills up to",
        "line2": "<h2>20 Degrees</h2>"
      },
      {
        "line1": "<h2>5-Star Rated</h2>",
        "line2": "Zero-turn Platform"
      }
    ]
  },

  "quotes": {
    "blocks": [
      {
        "quote": "After my first mow I asked myself “why did I wait so long to buy a zero turn”. This mower is amazing!!! Love it!!!",
        "author": "Mowmaster, Knoxville TN"
      },
      {
        "quote": "Just bought my second Cub cadet zero turn. This bad boy is the Cadillac of residential mowers. I am the envy of the neighborhood. Love my new ZT2 54\" zero turn",
        "author": "Dr Evil, Lancaster PA"
      }
    ]
  },

  "possibilty": {
    "h2": "A Zero-Turn For Every Possibility",
    "blocks": [
      {
        "img": "https://staging-na01-mtd.demandware.net/on/demandware.static/-/Sites-cubcadet-Library/default/v70fc5788285a154928b80b856144e85813f5051f/UltimaLanding/icon-lapbar.svg",
        "title": "Lap Bars",
        "copy": "Overmolded and fully adjustable rubber hand grips generate less vibration."
      },
      {
        "img": "https://staging-na01-mtd.demandware.net/on/demandware.static/-/Sites-cubcadet-Library/default/v70fc5788285a154928b80b856144e85813f5051f/UltimaLanding/icon-steering-wheel.svg",
        "title": "Steering Wheel",
        "copy": "Synchro-Steer™ technology provides enhanced precision, control and stability on hills up to 20 degrees."
      }
    ]
  },

  "find": {
    "h2": "Find the Best Ultima for You",
    "copy": "Our technicians have prepared 8 questions for you in order to find your perfect zero-turn mower.",
    "button": {
      "copy": "Get Started",
      "url": "https://www.cubcadet.com/en_US/product-finder-zero-turn-mowers.html"
    }
  },

  "awards": {
    "blocks": [
      {
        "copy": "<strong>Built in Martin, Tennessee</strong> using the highest quality components sourced locally and globally."
      },
      {
        "copy": "Three year/no-hour limited warranty plus <strong>limited lifetime warranty</strong> on frame and fabricated Aeroforce Deck shell."
      }
    ]
  },

  "financing": {
    "h2": "Shop Online Financing Plans",
    "copy": "The offers below are available online. Additional financing offers may be available at your local dealer.",
    "blocks": [
      {
        "months": 12,
        "title": "No interest if paid in full within 12 months<sup>2</sup>",
        "copy": "Interest will be charged from the purchase date if the purchase balance is not paid in full by the end of the promotional period or if you make late payments.",
        "term": "Minimum purchase $500",
        "validFrom": "November 1, 2021 - February 28, 2022",
        "url": "https://finance.consumercreditapp.com/cc/landing/cub_cadet"
      },
      {
        "months": 24,
        "title": "0% APR for 24 months with equal payments<sup>3</sup>",
        "copy": "<strong>There is a promotional fee of $125 for this transaction.</strong>",
        "term": "Minimum purchase $1,500",
        "validFrom": "November 1, 2021 - February 28, 2022",
        "url": "https://finance.consumercreditapp.com/cc/landing/cub_cadet"
      },
      {
        "months": 36,
        "title": "0% APR for 36 months with equal payments<sup>5</sup>",
        "copy": "<strong>There is a promotional fee of $125 for this transaction.</strong>",
        "term": "Offer valid on Zero Turns only (RZT, Ultima, Z-Force and Pro-Z). Minimum purchase $3,000",
        "validFrom": "November 1, 2021 - February 28, 2022",
        "url": "https://finance.consumercreditapp.com/cc/landing/cub_cadet"
      }
    ],
    "button": {
      "copy": "VIEW ALL ONLINE AND IN-STORE FINANCING PLANS",
      "url": "https://www.cubcadet.com/en_US/financing-view-all.html"
    }
  }
}
